{"accuracy": [0.7157617211341858, 0.7582300305366516, 0.7752600908279419, 0.7900812029838562, 0.8033347725868225, 0.8173720836639404, 0.8304831385612488, 0.8401738405227661, 0.8473706841468811, 0.8577027320861816, 0.8649708032608032, 0.8781530857086182, 0.8800769448280334, 0.8903377652168274, 0.8958956599235535, 0.9090779423713684, 0.921191394329071, 0.9206213355064392, 0.9238991141319275, 0.9303833842277527], "loss": [0.8074957132339478, 0.7202672958374023, 0.6608499884605408, 0.6176308393478394, 0.5792704820632935, 0.532250165939331, 0.502684473991394, 0.4780437648296356, 0.4511266350746155, 0.4157449007034302, 0.39018505811691284, 0.355903297662735, 0.35843485593795776, 0.3163885474205017, 0.2983224093914032, 0.2662825882434845, 0.24041806161403656, 0.23637954890727997, 0.22369703650474548, 0.20348015427589417]}