{"accuracy": [0.4914493262767792, 0.6858344078063965, 0.8159469962120056, 0.884423553943634, 0.9206926226615906, 0.9389340281486511, 0.9353712201118469, 0.9199088215827942, 0.9147071242332458, 0.9408578872680664, 0.9517599940299988, 0.9404304027557373, 0.9562491178512573, 0.9679350256919861, 0.9705714583396912, 0.9687900543212891, 0.9621633291244507, 0.9603819251060486, 0.9568904042243958, 0.9693601131439209, 0.9533276557922363, 0.952971339225769, 0.9624483585357666, 0.9541826844215393, 0.9697876572608948], "loss": [121.6010513305664, 1.2530895471572876, 0.5877454876899719, 0.3569732904434204, 0.259124755859375, 0.20329119265079498, 0.23471729457378387, 0.32542288303375244, 0.33384883403778076, 0.23357261717319489, 0.21365991234779358, 0.27420881390571594, 0.2109633833169937, 0.14574465155601501, 0.14103394746780396, 0.14837852120399475, 0.19762583076953888, 0.19483552873134613, 0.20364557206630707, 0.16054368019104004, 0.2544959485530853, 0.24848109483718872, 0.21498781442642212, 0.23930861055850983, 0.17533472180366516]}