{"accuracy": [0.9727804064750671, 0.9813310503959656, 0.9888841509819031, 0.9880290627479553, 0.9862476587295532, 0.9789796471595764, 0.9744905233383179, 0.9798346757888794, 0.9771982431411743, 0.9860339164733887, 0.9887416362762451, 0.9857488870620728, 0.9930169582366943, 0.9865326881408691, 0.9863901734352112, 0.9833974838256836, 0.989739179611206, 0.9859626889228821, 0.9902380108833313, 0.9959384202957153, 0.9946558475494385, 0.9892404079437256, 0.9781245589256287, 0.9837537407875061, 0.9853213429450989], "loss": [0.11462381482124329, 0.07757102698087692, 0.04511807858943939, 0.05108831077814102, 0.055270273238420486, 0.09338387101888657, 0.10481792688369751, 0.09636937081813812, 0.11501874774694443, 0.06050300598144531, 0.04652758315205574, 0.06262683123350143, 0.027818234637379646, 0.053213391453027725, 0.05610787123441696, 0.10577463358640671, 0.04379640519618988, 0.05572981759905815, 0.03568563982844353, 0.012128903530538082, 0.02498158998787403, 0.046174392104148865, 0.096825011074543, 0.07680300623178482, 0.06952191144227982]}